sample_id,r1,r2,condition,replicate,replicate_type,pcr_cycles,library_preparation,fragmentation,trim_status,umi_status,strandedness,replicate_evidence,pcr_cycle_evidence
BMDC_CpG_1,BMDC_CpG_csRNA_1_GTACAACTGCCG-AGGAGCTTAGAG_L002_R1_001.fastq.gz,BMDC_CpG_csRNA_1_GTACAACTGCCG-AGGAGCTTAGAG_L002_R2_001.fastq.gz,BMDC_CpG,1,biological,15,unknown,unknown,unknown,unknown,unknown,"User confirmed independent biological samples, 2026-10-07",Provided PCR table: all three libraries in this group share this cycle count
BMDC_CpG_2,BMDC_CpG_csRNA_2_ATTACCGTTGGA-GTATAGCCGTGA_L002_R1_001.fastq.gz,BMDC_CpG_csRNA_2_ATTACCGTTGGA-GTATAGCCGTGA_L002_R2_001.fastq.gz,BMDC_CpG,2,biological,15,unknown,unknown,unknown,unknown,unknown,"User confirmed independent biological samples, 2026-10-07",Provided PCR table: all three libraries in this group share this cycle count
BMDC_CpG_3,BMDC_CpG_csRNA_3_CGAATCCGTATA-TGGCTATCTAAC_L002_R1_001.fastq.gz,BMDC_CpG_csRNA_3_CGAATCCGTATA-TGGCTATCTAAC_L002_R2_001.fastq.gz,BMDC_CpG,3,biological,15,unknown,unknown,unknown,unknown,unknown,"User confirmed independent biological samples, 2026-10-07",Provided PCR table: all three libraries in this group share this cycle count
BMDC_1,BMDC_csRNA_1_CAGGATGTTACG-ATGCTTGTGGAC_L002_R1_001.fastq.gz,BMDC_csRNA_1_CAGGATGTTACG-ATGCTTGTGGAC_L002_R2_001.fastq.gz,BMDC,1,biological,15,unknown,unknown,unknown,unknown,unknown,"User confirmed independent biological samples, 2026-10-07",Provided PCR table: all three libraries in this group share this cycle count
BMDC_2,BMDC_csRNA_2_TAGCCTGTAAGA-ACACTCCGTCAG_L002_R1_001.fastq.gz,BMDC_csRNA_2_TAGCCTGTAAGA-ACACTCCGTCAG_L002_R2_001.fastq.gz,BMDC,2,biological,15,unknown,unknown,unknown,unknown,unknown,"User confirmed independent biological samples, 2026-10-07",Provided PCR table: all three libraries in this group share this cycle count
BMDC_3,BMDC_csRNA_3_ATTACCACACCG-TCGTTGTGATAC_L002_R1_001.fastq.gz,BMDC_csRNA_3_ATTACCACACCG-TCGTTGTGATAC_L002_R2_001.fastq.gz,BMDC,3,biological,15,unknown,unknown,unknown,unknown,unknown,"User confirmed independent biological samples, 2026-10-07",Provided PCR table: all three libraries in this group share this cycle count
BMDM_1,BMDM_csRNA_1_CGTCTCTAATCA-CACTAGGTCTGA_L002_R1_001.fastq.gz,BMDM_csRNA_1_CGTCTCTAATCA-CACTAGGTCTGA_L002_R2_001.fastq.gz,BMDM,1,biological,24,unknown,unknown,unknown,unknown,unknown,"User confirmed independent biological samples, 2026-10-07",Provided PCR table: all three libraries in this group share this cycle count
BMDM_2,BMDM_csRNA_2_AGGCATCTTCTA-TATTGCGTGGCG_L002_R1_001.fastq.gz,BMDM_csRNA_2_AGGCATCTTCTA-TATTGCGTGGCG_L002_R2_001.fastq.gz,BMDM,2,biological,24,unknown,unknown,unknown,unknown,unknown,"User confirmed independent biological samples, 2026-10-07",Provided PCR table: all three libraries in this group share this cycle count
BMDM_3,BMDM_csRNA_3_GTATCGTAGCAC-CGTCAGGTAGCT_L002_R1_001.fastq.gz,BMDM_csRNA_3_GTATCGTAGCAC-CGTCAGGTAGCT_L002_R2_001.fastq.gz,BMDM,3,biological,24,unknown,unknown,unknown,unknown,unknown,"User confirmed independent biological samples, 2026-10-07",Provided PCR table: all three libraries in this group share this cycle count
M1_1,M1_csRNA_1_TCTTCTGGACTA-AGCTTACTCCTC_L002_R1_001.fastq.gz,M1_csRNA_1_TCTTCTGGACTA-AGCTTACTCCTC_L002_R2_001.fastq.gz,M1,1,biological,15,unknown,unknown,unknown,unknown,unknown,"User confirmed independent biological samples, 2026-10-07",Provided PCR table: all three libraries in this group share this cycle count
M1_2,M1_csRNA_2_GCTTGTCTCGTA-TGTTGTTCCGAC_L002_R1_001.fastq.gz,M1_csRNA_2_GCTTGTCTCGTA-TGTTGTTCCGAC_L002_R2_001.fastq.gz,M1,2,biological,15,unknown,unknown,unknown,unknown,unknown,"User confirmed independent biological samples, 2026-10-07",Provided PCR table: all three libraries in this group share this cycle count
M1_3,M1_csRNA_3_CGGTATGTCACT-GATTACGTCACT_L002_R1_001.fastq.gz,M1_csRNA_3_CGGTATGTCACT-GATTACGTCACT_L002_R2_001.fastq.gz,M1,3,biological,15,unknown,unknown,unknown,unknown,unknown,"User confirmed independent biological samples, 2026-10-07",Provided PCR table: all three libraries in this group share this cycle count
RBC_1,RBC_csRNA_1_TTAGACACCACG-TCCTTCAACCAT_L002_R1_001.fastq.gz,RBC_csRNA_1_TTAGACACCACG-TCCTTCAACCAT_L002_R2_001.fastq.gz,RBC,1,biological,,unknown,unknown,unknown,unknown,unknown,"User confirmed independent biological samples, 2026-10-07",PCR table lists one 15-cycle and two 24-cycle RBC libraries; index-to-FASTQ assignment unconfirmed
RBC_2,RBC_csRNA_2_CGACTTACGGAG-AATAGCACGAAC_L002_R1_001.fastq.gz,RBC_csRNA_2_CGACTTACGGAG-AATAGCACGAAC_L002_R2_001.fastq.gz,RBC,2,biological,,unknown,unknown,unknown,unknown,unknown,"User confirmed independent biological samples, 2026-10-07",PCR table lists one 15-cycle and two 24-cycle RBC libraries; index-to-FASTQ assignment unconfirmed
RBC_3,RBC_csRNA_3_AGTGTTGCTGTT-TTCGCAGATCGT_L002_R1_001.fastq.gz,RBC_csRNA_3_AGTGTTGCTGTT-TTCGCAGATCGT_L002_R2_001.fastq.gz,RBC,3,biological,,unknown,unknown,unknown,unknown,unknown,"User confirmed independent biological samples, 2026-10-07",PCR table lists one 15-cycle and two 24-cycle RBC libraries; index-to-FASTQ assignment unconfirmed
